GROUP,PACKAGE,CLASS,INSTRUCTION_MISSED,INSTRUCTION_COVERED,BRANCH_MISSED,BRANCH_COVERED,LINE_MISSED,LINE_COVERED,COMPLEXITY_MISSED,COMPLEXITY_COVERED,METHOD_MISSED,METHOD_COVERED
simpleapp,com.mindtree.simpleapp.controller,EmployeeController.new FutureCallback() {...},0,21,0,0,0,5,0,3,0,3
simpleapp,com.mindtree.simpleapp.controller,EmployeeController.new FutureCallback() {...},6,15,0,0,2,3,1,2,1,2
simpleapp,com.mindtree.simpleapp.controller,EmployeeController.new FutureCallback() {...},0,21,0,0,0,5,0,3,0,3
simpleapp,com.mindtree.simpleapp.controller,EmployeeController.new FutureCallback() {...},0,21,0,0,0,5,0,3,0,3
simpleapp,com.mindtree.simpleapp.controller,EmployeeController,0,60,0,0,0,14,0,5,0,5
simpleapp,com.mindtree.simpleapp,EmployeeApplication,0,40,0,0,0,9,0,1,0,1
simpleapp,com.mindtree.simpleapp,EmployeeApplication.new AbstractBinder() {...},0,17,0,0,0,3,0,2,0,2
simpleapp,com.mindtree.simpleapp.exception.service,EmployeeNotFoundException,0,4,0,0,0,2,0,1,0,1
simpleapp,com.mindtree.simpleapp.exception.service,EmployeeNotNullException,0,4,0,0,0,2,0,1,0,1
simpleapp,com.mindtree.simpleapp.exception.service,ServiceException,0,4,0,0,0,2,0,1,0,1
simpleapp,com.mindtree.simpleapp.exception.service,EmployeeNotFoundMapper,0,12,0,0,0,2,0,2,0,2
simpleapp,com.mindtree.simpleapp.entity,Employee,0,69,0,0,0,17,0,12,0,12
simpleapp,com.mindtree.simpleapp.dao.daoimp,EmployeeDaoImplementation.new Callable() {...},0,15,0,0,0,2,0,2,0,2
simpleapp,com.mindtree.simpleapp.dao.daoimp,EmployeeDaoImplementation.new Callable() {...},0,15,0,0,0,2,0,2,0,2
simpleapp,com.mindtree.simpleapp.dao.daoimp,EmployeeDaoImplementation.new Callable() {...},0,15,0,0,0,2,0,2,0,2
simpleapp,com.mindtree.simpleapp.dao.daoimp,EmployeeDaoImplementation.new Callable() {...},0,10,0,0,0,2,0,2,0,2
simpleapp,com.mindtree.simpleapp.dao.daoimp,EmployeeDaoImplementation,0,138,0,6,0,27,0,12,0,9
simpleapp,com.mindtree.simpleapp.exception,AppException,0,4,0,0,0,2,0,1,0,1
